DATA_TYPE,CALENDAR,DESCR1,VALUE1,VALUE2,VALUE3
Enrollment,Fall 2014,,1991,,
Enrollment,Fall 2015,,2013,,
Enrollment,Fall 2016,,2230,,
Enrollment,Fall 2017,,2582,,
Enrollment,Fall 2018,,2239,,
Enrollment,Fall 2019,,2106,,
Enrollment,Fall 2020,,2150,,
Enrollment,Fall 2021,,1890,,
Enrollment,Fall 2022,,2109,,
Enrollment,Fall 2023,,2371,,
Degrees,2013-14,,30,,
Degrees,2014-15,,8,,
Degrees,2015-16,,15,,
Degrees,2016-17,,104,,
Degrees,2017-18,,209,,
Degrees,2018-19,,265,,
Degrees,2019-20,,220,,
Degrees,2020-21,,199,,
Degrees,2021-22,,209,,
Degrees,2022-23,,203,,
Retention,Fall 2014,Fall 2013 to Fall 2014,0.7064516129,219,310
Retention,Fall 2015,Fall 2014 to Fall 2015,0.7263157895,276,380
Retention,Fall 2016,Fall 2015 to Fall 2016,0.7493606138,293,391
Retention,Fall 2017,Fall 2016 to Fall 2017,0.7262872629,268,369
Retention,Fall 2018,Fall 2017 to Fall 2018,0.7123287671,208,292
Retention,Fall 2019,Fall 2018 to Fall 2019,0.7320574163,153,209
Retention,Fall 2020,Fall 2019 to Fall 2020,0.7668711656,125,163
Retention,Fall 2021,Fall 2020 to Fall 2021,0.6844262295,167,244
Retention,Fall 2022,Fall 2021 to Fall 2022,0.7581395349,163,215
Retention,Fall 2023,Fall 2022 to Fall 2023,0.7389380531,167,226
RetentionSPR,Fall 2015,Fall 2014 to Spring 2015,0.9026315789,343,380
RetentionSPR,Fall 2016,Fall 2015 to Spring 2016,0.8976982097,351,391
RetentionSPR,Fall 2017,Fall 2016 to Spring 2017,0.8699186992,321,369
RetentionSPR,Fall 2018,Fall 2017 to Spring 2018,0.8801369863,257,292
RetentionSPR,Fall 2019,Fall 2018 to Spring 2019,0.8516746411,178,209
RetentionSPR,Fall 2020,Fall 2019 to Spring 2020,0.9079754601,148,163
RetentionSPR,Fall 2021,Fall 2020 to Spring 2021,0.8155737705,199,244
RetentionSPR,Fall 2022,Fall 2021 to Spring 2022,0.8465116279,182,215
RetentionSPR,Fall 2023,Fall 2022 to Spring 2023,0.8628318584,195,226
RetentionSPR,Fall 2024,Fall 2023 to Spring 2024,0.8724489796,171,196
Graduation,Fall 2008,6 year graduation rate,0.288372093,248,860
Graduation,Fall 2009,6 year graduation rate,0.3443708609,156,453
Graduation,Fall 2010,6 year graduation rate,0.3333333333,166,498
Graduation,Fall 2011,6 year graduation rate,0.4476190476,188,420
Graduation,Fall 2012,6 year graduation rate,0.4871794872,190,390
Graduation,Fall 2013,6 year graduation rate,0.4612903226,143,310
Graduation,Fall 2014,6 year graduation rate,0.4710526316,179,380
Graduation,Fall 2015,6 year graduation rate,0.4987212276,195,391
Graduation,Fall 2016,6 year graduation rate,0.4905149051,181,369
Graduation,Fall 2017,6 year graduation rate,0.5239726027,153,292
Progression,Fall 2014,,0.1215663355,208,1711
Progression,Fall 2015,,0.1275740834,254,1991
Progression,Fall 2016,,0.1371087928,276,2013
Progression,Fall 2017,,0.1224215247,273,2230
Progression,Fall 2018,,0.1386522076,358,2582
Progression,Fall 2019,,0.1665922287,373,2239
Progression,Fall 2020,,0.160968661,339,2106
Progression,Fall 2021,,0.1530232558,329,2150
Progression,Fall 2022,,0.1518518519,287,1890
Progression,Fall 2023,,0.1389284021,293,2109
DFW,2014-15,,0.1333333333,360,2700
DFW,2015-16,,0.1145717464,309,2697
DFW,2016-17,,0.1019698725,264,2589
DFW,2017-18,,0.115737204,303,2618
DFW,2018-19,,0.0842286205,196,2327
DFW,2019-20,,0.0974539069,222,2278
DFW,2020-21,,0.1696504689,398,2346
DFW,2021-22,,0.1794871795,413,2301
DFW,2022-23,,0.2009437672,511,2543
DFW,2023-24,,0.168589505,453,2687
