DATA_TYPE,CALENDAR,DESCR1,VALUE1,VALUE2,VALUE3
Enrollment,Fall 2014,,33,,
Enrollment,Fall 2015,,32,,
Enrollment,Fall 2016,,18,,
Enrollment,Fall 2017,,25,,
Enrollment,Fall 2018,,13,,
Enrollment,Fall 2019,,17,,
Enrollment,Fall 2020,,19,,
Enrollment,Fall 2021,,10,,
Enrollment,Fall 2022,,7,,
Enrollment,Fall 2023,,13,,
Progression,Fall 2014,,0.0681818182,3,44
Progression,Fall 2015,,0,0,33
Progression,Fall 2016,,0.0625,2,32
Progression,Fall 2017,,0,0,18
Progression,Fall 2018,,0,0,25
Progression,Fall 2019,,0,0,13
Progression,Fall 2020,,0.0588235294,1,17
Progression,Fall 2021,,0.0526315789,1,19
Progression,Fall 2022,,0,0,10
Progression,Fall 2023,,0.1428571429,1,7
