DATA_TYPE,CALENDAR,DESCR1,VALUE1,VALUE2,VALUE3
Enrollment,Fall 2010,,3598,,
Enrollment,Fall 2011,,3444,,
Enrollment,Fall 2012,,3407,,
Enrollment,Fall 2013,,3373,,
Enrollment,Fall 2014,,3592,,
Enrollment,Fall 2015,,3879,,
Enrollment,Fall 2016,,3806,,
Enrollment,Fall 2017,,3539,,
Enrollment,Fall 2018,,3404,,
Enrollment,Fall 2019,,3052,,
Degrees,2009-10,,728,,
Degrees,2010-11,,721,,
Degrees,2011-12,,751,,
Degrees,2012-13,,782,,
Degrees,2013-14,,826,,
Degrees,2014-15,,772,,
Degrees,2015-16,,946,,
Degrees,2016-17,,1023,,
Degrees,2017-18,,1059,,
Degrees,2018-19,,1012,,
Retention,Fall 2010,Fall 2009 to Fall 2010,0.7037037037,266,378
Retention,Fall 2011,Fall 2010 to Fall 2011,0.7196765499,267,371
Retention,Fall 2012,Fall 2011 to Fall 2012,0.7106017192,248,349
Retention,Fall 2013,Fall 2012 to Fall 2013,0.7620320856,285,374
Retention,Fall 2014,Fall 2013 to Fall 2014,0.7333333333,319,435
Retention,Fall 2015,Fall 2014 to Fall 2015,0.7729468599,320,414
Retention,Fall 2016,Fall 2015 to Fall 2016,0.7453798768,363,487
Retention,Fall 2017,Fall 2016 to Fall 2017,0.7459207459,320,429
Retention,Fall 2018,Fall 2017 to Fall 2018,0.7512690355,296,394
Retention,Fall 2019,Fall 2018 to Fall 2019,0.7578475336,338,446
RetentionSPR,Fall 2010,Fall 2009 to Spring 2010,0.8703703704,329,378
RetentionSPR,Fall 2011,Fall 2010 to Spring 2011,0.8571428571,318,371
RetentionSPR,Fall 2012,Fall 2011 to Spring 2012,0.9025787966,315,349
RetentionSPR,Fall 2013,Fall 2012 to Spring 2013,0.9037433155,338,374
RetentionSPR,Fall 2014,Fall 2013 to Spring 2014,0.8965517241,390,435
RetentionSPR,Fall 2015,Fall 2014 to Spring 2015,0.9033816425,374,414
RetentionSPR,Fall 2016,Fall 2015 to Spring 2016,0.9075975359,442,487
RetentionSPR,Fall 2017,Fall 2016 to Spring 2017,0.8554778555,367,429
RetentionSPR,Fall 2018,Fall 2017 to Spring 2018,0.8883248731,350,394
RetentionSPR,Fall 2019,Fall 2018 to Spring 2019,0.8923766816,398,446
Graduation,Fall 2004,6 year graduation rate,0.5019011407,132,263
Graduation,Fall 2005,6 year graduation rate,0.4254385965,97,228
Graduation,Fall 2006,6 year graduation rate,0.437007874,111,254
Graduation,Fall 2007,6 year graduation rate,0.444,111,250
Graduation,Fall 2008,6 year graduation rate,0.4984025559,156,313
Graduation,Fall 2009,6 year graduation rate,0.4576719577,173,378
Graduation,Fall 2010,6 year graduation rate,0.4959568733,184,371
Graduation,Fall 2011,6 year graduation rate,0.5415472779,189,349
Graduation,Fall 2012,6 year graduation rate,0.5320855615,199,374
Graduation,Fall 2013,6 year graduation rate,0.5126436782,223,435
Progression,Fall 2010,,0.4344984371,1529,3519
Progression,Fall 2011,,0.4269038355,1536,3598
Progression,Fall 2012,,0.4532520325,1561,3444
Progression,Fall 2013,,0.4845905489,1651,3407
Progression,Fall 2014,,0.4959976282,1673,3373
Progression,Fall 2015,,0.4991648107,1793,3592
Progression,Fall 2016,,0.5174013921,2007,3879
Progression,Fall 2017,,0.5396741986,2054,3806
Progression,Fall 2018,,0.5464820571,1934,3539
Progression,Fall 2019,,0.5675675676,1932,3404
DFW,2009-10,,0.1442401223,3114,21589
DFW,2010-11,,0.1131633092,2365,20899
DFW,2011-12,,0.0852551704,1719,20163
DFW,2012-13,,0.0795527314,1615,20301
DFW,2013-14,,0.0713919806,1533,21473
DFW,2014-15,,0.070686332,1687,23866
DFW,2015-16,,0.0616498716,1609,26099
DFW,2016-17,,0.0547317229,1373,25086
DFW,2017-18,,0.0507382903,1158,22823
DFW,2018-19,,0.0439742328,983,22354
