DATA_TYPE,CALENDAR,DESCR1,VALUE1,VALUE2,VALUE3
Enrollment,Fall 2010,,2414,,
Enrollment,Fall 2011,,2118,,
Enrollment,Fall 2012,,1914,,
Enrollment,Fall 2013,,1988,,
Enrollment,Fall 2014,,1896,,
Enrollment,Fall 2015,,1917,,
Enrollment,Fall 2016,,1858,,
Enrollment,Fall 2017,,1722,,
Enrollment,Fall 2018,,1611,,
Enrollment,Fall 2019,,1492,,
Degrees,2009-10,,605,,
Degrees,2010-11,,612,,
Degrees,2011-12,,557,,
Degrees,2012-13,,536,,
Degrees,2013-14,,518,,
Degrees,2014-15,,454,,
Degrees,2015-16,,502,,
Degrees,2016-17,,434,,
Degrees,2017-18,,428,,
Degrees,2018-19,,404,,
Retention,Fall 2010,Fall 2009 to Fall 2010,0.7654320988,124,162
Retention,Fall 2011,Fall 2010 to Fall 2011,0.7953216374,136,171
Retention,Fall 2012,Fall 2011 to Fall 2012,0.7443609023,99,133
Retention,Fall 2013,Fall 2012 to Fall 2013,0.75,114,152
Retention,Fall 2014,Fall 2013 to Fall 2014,0.8343558282,136,163
Retention,Fall 2015,Fall 2014 to Fall 2015,0.8053691275,120,149
Retention,Fall 2016,Fall 2015 to Fall 2016,0.7834101382,170,217
Retention,Fall 2017,Fall 2016 to Fall 2017,0.7604790419,127,167
Retention,Fall 2018,Fall 2017 to Fall 2018,0.7532467532,116,154
Retention,Fall 2019,Fall 2018 to Fall 2019,0.84375,135,160
RetentionSPR,Fall 2010,Fall 2009 to Spring 2010,0.8950617284,145,162
RetentionSPR,Fall 2011,Fall 2010 to Spring 2011,0.8888888889,152,171
RetentionSPR,Fall 2012,Fall 2011 to Spring 2012,0.9097744361,121,133
RetentionSPR,Fall 2013,Fall 2012 to Spring 2013,0.9473684211,144,152
RetentionSPR,Fall 2014,Fall 2013 to Spring 2014,0.9263803681,151,163
RetentionSPR,Fall 2015,Fall 2014 to Spring 2015,0.8926174497,133,149
RetentionSPR,Fall 2016,Fall 2015 to Spring 2016,0.9216589862,200,217
RetentionSPR,Fall 2017,Fall 2016 to Spring 2017,0.8982035928,150,167
RetentionSPR,Fall 2018,Fall 2017 to Spring 2018,0.9220779221,142,154
RetentionSPR,Fall 2019,Fall 2018 to Spring 2019,0.90625,145,160
Graduation,Fall 2004,6 year graduation rate,0.5620915033,86,153
Graduation,Fall 2005,6 year graduation rate,0.5448717949,85,156
Graduation,Fall 2006,6 year graduation rate,0.4545454545,65,143
Graduation,Fall 2007,6 year graduation rate,0.625,95,152
Graduation,Fall 2008,6 year graduation rate,0.6069364162,105,173
Graduation,Fall 2009,6 year graduation rate,0.5,81,162
Graduation,Fall 2010,6 year graduation rate,0.6374269006,109,171
Graduation,Fall 2011,6 year graduation rate,0.5789473684,77,133
Graduation,Fall 2012,6 year graduation rate,0.5657894737,86,152
Graduation,Fall 2013,6 year graduation rate,0.6196319018,101,163
Progression,Fall 2010,,0.4881516588,1236,2532
Progression,Fall 2011,,0.5086992543,1228,2414
Progression,Fall 2012,,0.5538243626,1173,2118
Progression,Fall 2013,,0.5470219436,1047,1914
Progression,Fall 2014,,0.5211267606,1036,1988
Progression,Fall 2015,,0.5664556962,1074,1896
Progression,Fall 2016,,0.5519040167,1058,1917
Progression,Fall 2017,,0.5425188375,1008,1858
Progression,Fall 2018,,0.5429732869,935,1722
Progression,Fall 2019,,0.5636250776,908,1611
DFW,2009-10,,0.0628142589,837,13325
DFW,2010-11,,0.0650275735,849,13056
DFW,2011-12,,0.0428486242,503,11739
DFW,2012-13,,0.0389765662,489,12546
DFW,2013-14,,0.0362779741,462,12735
DFW,2014-15,,0.0437659798,582,13298
DFW,2015-16,,0.0624858672,829,13267
DFW,2016-17,,0.0576997448,746,12929
DFW,2017-18,,0.0562526675,659,11715
DFW,2018-19,,0.048459737,538,11102
