DATA_TYPE,CALENDAR,DESCR1,VALUE1,VALUE2,VALUE3
Enrollment,Fall 2010,,16567,,
Enrollment,Fall 2011,,16062,,
Enrollment,Fall 2012,,15968,,
Enrollment,Fall 2013,,16111,,
Enrollment,Fall 2014,,16305,,
Enrollment,Fall 2015,,16844,,
Enrollment,Fall 2016,,16881,,
Enrollment,Fall 2017,,16612,,
Enrollment,Fall 2018,,15816,,
Enrollment,Fall 2019,,14980,,
Degrees,2009-10,,3054,,
Degrees,2010-11,,3100,,
Degrees,2011-12,,3224,,
Degrees,2012-13,,3437,,
Degrees,2013-14,,3576,,
Degrees,2014-15,,3635,,
Degrees,2015-16,,3774,,
Degrees,2016-17,,3803,,
Degrees,2017-18,,3884,,
Degrees,2018-19,,3955,,
Retention,Fall 2010,Fall 2009 to Fall 2010,0.6973434535,1470,2108
Retention,Fall 2011,Fall 2010 to Fall 2011,0.6691907241,1414,2113
Retention,Fall 2012,Fall 2011 to Fall 2012,0.680293501,1298,1908
Retention,Fall 2013,Fall 2012 to Fall 2013,0.7219361483,1402,1942
Retention,Fall 2014,Fall 2013 to Fall 2014,0.7228370221,1437,1988
Retention,Fall 2015,Fall 2014 to Fall 2015,0.7402791625,1485,2006
Retention,Fall 2016,Fall 2015 to Fall 2016,0.7402862986,1810,2445
Retention,Fall 2017,Fall 2016 to Fall 2017,0.7342844405,1647,2243
Retention,Fall 2018,Fall 2017 to Fall 2018,0.7300843486,1558,2134
Retention,Fall 2019,Fall 2018 to Fall 2019,0.7506185057,1517,2021
RetentionSPR,Fall 2010,Fall 2009 to Spring 2010,0.875711575,1846,2108
RetentionSPR,Fall 2011,Fall 2010 to Spring 2011,0.8490298154,1794,2113
RetentionSPR,Fall 2012,Fall 2011 to Spring 2012,0.8679245283,1656,1908
RetentionSPR,Fall 2013,Fall 2012 to Spring 2013,0.8846549949,1718,1942
RetentionSPR,Fall 2014,Fall 2013 to Spring 2014,0.8893360161,1768,1988
RetentionSPR,Fall 2015,Fall 2014 to Spring 2015,0.8863409771,1778,2006
RetentionSPR,Fall 2016,Fall 2015 to Spring 2016,0.8936605317,2185,2445
RetentionSPR,Fall 2017,Fall 2016 to Spring 2017,0.8756130183,1964,2243
RetentionSPR,Fall 2018,Fall 2017 to Spring 2018,0.8734770384,1864,2134
RetentionSPR,Fall 2019,Fall 2018 to Spring 2019,0.8654131618,1749,2021
Graduation,Fall 2004,6 year graduation rate,0.3833333333,920,2400
Graduation,Fall 2005,6 year graduation rate,0.384,912,2375
Graduation,Fall 2006,6 year graduation rate,0.3767812238,899,2386
Graduation,Fall 2007,6 year graduation rate,0.396529835,937,2363
Graduation,Fall 2008,6 year graduation rate,0.4193949441,1012,2413
Graduation,Fall 2009,6 year graduation rate,0.4506641366,950,2108
Graduation,Fall 2010,6 year graduation rate,0.4491244676,949,2113
Graduation,Fall 2011,6 year graduation rate,0.4926624738,940,1908
Graduation,Fall 2012,6 year graduation rate,0.508753862,988,1942
Graduation,Fall 2013,6 year graduation rate,0.5,994,1988
Progression,Fall 2010,,0.4124047209,6709,16268
Progression,Fall 2011,,0.4067724995,6739,16567
Progression,Fall 2012,,0.4336944341,6966,16062
Progression,Fall 2013,,0.4519664329,7217,15968
Progression,Fall 2014,,0.4497548259,7246,16111
Progression,Fall 2015,,0.4524379025,7377,16305
Progression,Fall 2016,,0.4585015436,7723,16844
Progression,Fall 2017,,0.4559564007,7697,16881
Progression,Fall 2018,,0.4632795569,7696,16612
Progression,Fall 2019,,0.4774279211,7551,15816
DFW,2009-10,,0.1918892882,27288,142207
DFW,2010-11,,0.1819662957,25688,141169
DFW,2011-12,,0.1399715463,18890,134956
DFW,2012-13,,0.1275244406,17649,138397
DFW,2013-14,,0.1194676098,16417,137418
DFW,2014-15,,0.1210783059,17027,140628
DFW,2015-16,,0.1181792104,16891,142927
DFW,2016-17,,0.1119417427,15618,139519
DFW,2017-18,,0.1094833609,14887,135975
DFW,2018-19,,0.1019808909,13406,131456
