DATA_TYPE,CALENDAR,DESCR1,VALUE1,VALUE2,VALUE3
Enrollment,Fall 2010,,1911,,
Enrollment,Fall 2011,,1932,,
Enrollment,Fall 2012,,1801,,
Enrollment,Fall 2013,,1908,,
Enrollment,Fall 2014,,2209,,
Enrollment,Fall 2015,,2253,,
Enrollment,Fall 2016,,2434,,
Enrollment,Fall 2017,,2637,,
Enrollment,Fall 2018,,2264,,
Enrollment,Fall 2019,,2123,,
Degrees,2009-10,,95,,
Degrees,2010-11,,97,,
Degrees,2011-12,,108,,
Degrees,2012-13,,108,,
Degrees,2013-14,,145,,
Degrees,2014-15,,123,,
Degrees,2015-16,,188,,
Degrees,2016-17,,229,,
Degrees,2017-18,,257,,
Degrees,2018-19,,276,,
Retention,Fall 2010,Fall 2009 to Fall 2010,0.6241758242,284,455
Retention,Fall 2011,Fall 2010 to Fall 2011,0.5708502024,282,494
Retention,Fall 2012,Fall 2011 to Fall 2012,0.6365795724,268,421
Retention,Fall 2013,Fall 2012 to Fall 2013,0.7135549872,279,391
Retention,Fall 2014,Fall 2013 to Fall 2014,0.7097791798,225,317
Retention,Fall 2015,Fall 2014 to Fall 2015,0.7185185185,291,405
Retention,Fall 2016,Fall 2015 to Fall 2016,0.7512437811,302,402
Retention,Fall 2017,Fall 2016 to Fall 2017,0.7253333333,272,375
Retention,Fall 2018,Fall 2017 to Fall 2018,0.71,213,300
Retention,Fall 2019,Fall 2018 to Fall 2019,0.7345971564,155,211
RetentionSPR,Fall 2010,Fall 2009 to Spring 2010,0.8461538462,385,455
RetentionSPR,Fall 2011,Fall 2010 to Spring 2011,0.8157894737,403,494
RetentionSPR,Fall 2012,Fall 2011 to Spring 2012,0.8408551069,354,421
RetentionSPR,Fall 2013,Fall 2012 to Spring 2013,0.8823529412,345,391
RetentionSPR,Fall 2014,Fall 2013 to Spring 2014,0.8769716088,278,317
RetentionSPR,Fall 2015,Fall 2014 to Spring 2015,0.8987654321,364,405
RetentionSPR,Fall 2016,Fall 2015 to Spring 2016,0.9004975124,362,402
RetentionSPR,Fall 2017,Fall 2016 to Spring 2017,0.8693333333,326,375
RetentionSPR,Fall 2018,Fall 2017 to Spring 2018,0.8766666667,263,300
RetentionSPR,Fall 2019,Fall 2018 to Spring 2019,0.8530805687,180,211
Graduation,Fall 2004,6 year graduation rate,0.2680695334,293,1093
Graduation,Fall 2005,6 year graduation rate,0.3013307985,317,1052
Graduation,Fall 2006,6 year graduation rate,0.2994129159,306,1022
Graduation,Fall 2007,6 year graduation rate,0.2837162837,284,1001
Graduation,Fall 2008,6 year graduation rate,0.2882352941,245,850
Graduation,Fall 2009,6 year graduation rate,0.3428571429,156,455
Graduation,Fall 2010,6 year graduation rate,0.3299595142,163,494
Graduation,Fall 2011,6 year graduation rate,0.4465558195,188,421
Graduation,Fall 2012,6 year graduation rate,0.4833759591,189,391
Graduation,Fall 2013,6 year graduation rate,0.4637223975,147,317
Progression,Fall 2010,,0.136920618,257,1877
Progression,Fall 2011,,0.1114599686,213,1911
Progression,Fall 2012,,0.1573498965,304,1932
Progression,Fall 2013,,0.1649083842,297,1801
Progression,Fall 2014,,0.1561844864,298,1908
Progression,Fall 2015,,0.1593481213,352,2209
Progression,Fall 2016,,0.1793164669,404,2253
Progression,Fall 2017,,0.1552999178,378,2434
Progression,Fall 2018,,0.1441031475,380,2637
Progression,Fall 2019,,0.1700530035,385,2264
DFW,2009-10,,0.127016129,252,1984
DFW,2010-11,,0.1353300055,244,1803
DFW,2011-12,,0.1330839123,249,1871
DFW,2012-13,,0.1061674009,241,2270
DFW,2013-14,,0.125,331,2648
DFW,2014-15,,0.1489637306,460,3088
DFW,2015-16,,0.1336083783,421,3151
DFW,2016-17,,0.1154625253,342,2962
DFW,2017-18,,0.1284090909,339,2640
DFW,2018-19,,0.0975609756,224,2296
