DATA_TYPE,CALENDAR,DESCR1,VALUE1,VALUE2,VALUE3
Enrollment,Fall 2010,,1898,,
Enrollment,Fall 2011,,1792,,
Enrollment,Fall 2012,,1824,,
Enrollment,Fall 2013,,1763,,
Enrollment,Fall 2014,,1775,,
Enrollment,Fall 2015,,1891,,
Enrollment,Fall 2016,,1945,,
Enrollment,Fall 2017,,1972,,
Enrollment,Fall 2018,,2042,,
Enrollment,Fall 2019,,1987,,
Degrees,2009-10,,419,,
Degrees,2010-11,,401,,
Degrees,2011-12,,400,,
Degrees,2012-13,,434,,
Degrees,2013-14,,416,,
Degrees,2014-15,,464,,
Degrees,2015-16,,434,,
Degrees,2016-17,,438,,
Degrees,2017-18,,452,,
Degrees,2018-19,,533,,
Retention,Fall 2010,Fall 2009 to Fall 2010,0.7142857143,145,203
Retention,Fall 2011,Fall 2010 to Fall 2011,0.7083333333,136,192
Retention,Fall 2012,Fall 2011 to Fall 2012,0.703125,135,192
Retention,Fall 2013,Fall 2012 to Fall 2013,0.6905829596,154,223
Retention,Fall 2014,Fall 2013 to Fall 2014,0.6614173228,168,254
Retention,Fall 2015,Fall 2014 to Fall 2015,0.7400881057,168,227
Retention,Fall 2016,Fall 2015 to Fall 2016,0.7278481013,230,316
Retention,Fall 2017,Fall 2016 to Fall 2017,0.7516778523,224,298
Retention,Fall 2018,Fall 2017 to Fall 2018,0.7328767123,214,292
Retention,Fall 2019,Fall 2018 to Fall 2019,0.7331189711,228,311
RetentionSPR,Fall 2010,Fall 2009 to Spring 2010,0.8325123153,169,203
RetentionSPR,Fall 2011,Fall 2010 to Spring 2011,0.8802083333,169,192
RetentionSPR,Fall 2012,Fall 2011 to Spring 2012,0.859375,165,192
RetentionSPR,Fall 2013,Fall 2012 to Spring 2013,0.865470852,193,223
RetentionSPR,Fall 2014,Fall 2013 to Spring 2014,0.8661417323,220,254
RetentionSPR,Fall 2015,Fall 2014 to Spring 2015,0.8986784141,204,227
RetentionSPR,Fall 2016,Fall 2015 to Spring 2016,0.8955696203,283,316
RetentionSPR,Fall 2017,Fall 2016 to Spring 2017,0.9060402685,270,298
RetentionSPR,Fall 2018,Fall 2017 to Spring 2018,0.8664383562,253,292
RetentionSPR,Fall 2019,Fall 2018 to Spring 2019,0.8553054662,266,311
Graduation,Fall 2004,6 year graduation rate,0.4072164948,79,194
Graduation,Fall 2005,6 year graduation rate,0.435483871,81,186
Graduation,Fall 2006,6 year graduation rate,0.3911111111,88,225
Graduation,Fall 2007,6 year graduation rate,0.4304932735,96,223
Graduation,Fall 2008,6 year graduation rate,0.4902723735,126,257
Graduation,Fall 2009,6 year graduation rate,0.4827586207,98,203
Graduation,Fall 2010,6 year graduation rate,0.5208333333,100,192
Graduation,Fall 2011,6 year graduation rate,0.46875,90,192
Graduation,Fall 2012,6 year graduation rate,0.4977578475,111,223
Graduation,Fall 2013,6 year graduation rate,0.4566929134,116,254
Progression,Fall 2010,,0.4361256545,833,1910
Progression,Fall 2011,,0.4204425711,798,1898
Progression,Fall 2012,,0.4363839286,782,1792
Progression,Fall 2013,,0.4786184211,873,1824
Progression,Fall 2014,,0.4809982984,848,1763
Progression,Fall 2015,,0.4923943662,874,1775
Progression,Fall 2016,,0.4780539397,904,1891
Progression,Fall 2017,,0.4884318766,950,1945
Progression,Fall 2018,,0.525862069,1037,1972
Progression,Fall 2019,,0.5328109696,1088,2042
DFW,2009-10,,0.197632333,2621,13262
DFW,2010-11,,0.1858527598,2320,12483
DFW,2011-12,,0.1459668145,1777,12174
DFW,2012-13,,0.1267197083,1529,12066
DFW,2013-14,,0.1197085073,1462,12213
DFW,2014-15,,0.1119319987,1409,12588
DFW,2015-16,,0.1060393258,1359,12816
DFW,2016-17,,0.0871347645,1169,13416
DFW,2017-18,,0.0896793587,1253,13972
DFW,2018-19,,0.0931140802,1359,14595
