DATA_TYPE,CALENDAR,DESCR1,VALUE1,VALUE2,VALUE3
Enrollment,Fall 2010,,2904,,
Enrollment,Fall 2011,,2826,,
Enrollment,Fall 2012,,2822,,
Enrollment,Fall 2013,,2707,,
Enrollment,Fall 2014,,2587,,
Enrollment,Fall 2015,,2663,,
Enrollment,Fall 2016,,2691,,
Enrollment,Fall 2017,,2702,,
Enrollment,Fall 2018,,2652,,
Enrollment,Fall 2019,,2709,,
Degrees,2009-10,,566,,
Degrees,2010-11,,596,,
Degrees,2011-12,,631,,
Degrees,2012-13,,723,,
Degrees,2013-14,,684,,
Degrees,2014-15,,729,,
Degrees,2015-16,,638,,
Degrees,2016-17,,653,,
Degrees,2017-18,,670,,
Degrees,2018-19,,661,,
Retention,Fall 2010,Fall 2009 to Fall 2010,0.7259036145,241,332
Retention,Fall 2011,Fall 2010 to Fall 2011,0.6925373134,232,335
Retention,Fall 2012,Fall 2011 to Fall 2012,0.6768707483,199,294
Retention,Fall 2013,Fall 2012 to Fall 2013,0.7023809524,177,252
Retention,Fall 2014,Fall 2013 to Fall 2014,0.7294520548,213,292
Retention,Fall 2015,Fall 2014 to Fall 2015,0.7349823322,208,283
Retention,Fall 2016,Fall 2015 to Fall 2016,0.700280112,250,357
Retention,Fall 2017,Fall 2016 to Fall 2017,0.7282608696,268,368
Retention,Fall 2018,Fall 2017 to Fall 2018,0.701897019,259,369
Retention,Fall 2019,Fall 2018 to Fall 2019,0.7242524917,218,301
RetentionSPR,Fall 2010,Fall 2009 to Spring 2010,0.8855421687,294,332
RetentionSPR,Fall 2011,Fall 2010 to Spring 2011,0.8537313433,286,335
RetentionSPR,Fall 2012,Fall 2011 to Spring 2012,0.8843537415,260,294
RetentionSPR,Fall 2013,Fall 2012 to Spring 2013,0.8611111111,217,252
RetentionSPR,Fall 2014,Fall 2013 to Spring 2014,0.8904109589,260,292
RetentionSPR,Fall 2015,Fall 2014 to Spring 2015,0.8657243816,245,283
RetentionSPR,Fall 2016,Fall 2015 to Spring 2016,0.8459383754,302,357
RetentionSPR,Fall 2017,Fall 2016 to Spring 2017,0.8831521739,325,368
RetentionSPR,Fall 2018,Fall 2017 to Spring 2018,0.8699186992,321,369
RetentionSPR,Fall 2019,Fall 2018 to Spring 2019,0.8471760797,255,301
Graduation,Fall 2004,6 year graduation rate,0.4784313725,122,255
Graduation,Fall 2005,6 year graduation rate,0.4560810811,135,296
Graduation,Fall 2006,6 year graduation rate,0.4257425743,129,303
Graduation,Fall 2007,6 year graduation rate,0.4657039711,129,277
Graduation,Fall 2008,6 year graduation rate,0.4720670391,169,358
Graduation,Fall 2009,6 year graduation rate,0.4789156627,159,332
Graduation,Fall 2010,6 year graduation rate,0.4656716418,156,335
Graduation,Fall 2011,6 year graduation rate,0.4659863946,137,294
Graduation,Fall 2012,6 year graduation rate,0.4761904762,120,252
Graduation,Fall 2013,6 year graduation rate,0.5,146,292
Progression,Fall 2010,,0.4647735442,1293,2782
Progression,Fall 2011,,0.474862259,1379,2904
Progression,Fall 2012,,0.4847841472,1370,2826
Progression,Fall 2013,,0.4886605245,1379,2822
Progression,Fall 2014,,0.4920576284,1332,2707
Progression,Fall 2015,,0.4967143409,1285,2587
Progression,Fall 2016,,0.4754036801,1266,2663
Progression,Fall 2017,,0.5076179859,1366,2691
Progression,Fall 2018,,0.5111028868,1381,2702
Progression,Fall 2019,,0.5086726998,1349,2652
DFW,2009-10,,0.2067555315,10718,51839
DFW,2010-11,,0.1993475341,10388,52110
DFW,2011-12,,0.1501218153,7271,48434
DFW,2012-13,,0.143793096,6694,46553
DFW,2013-14,,0.1392692509,6133,44037
DFW,2014-15,,0.1482689129,6548,44163
DFW,2015-16,,0.1444837771,6408,44351
DFW,2016-17,,0.1313436941,5730,43626
DFW,2017-18,,0.1279423281,5555,43418
DFW,2018-19,,0.1183646951,4919,41558
