DATA_TYPE,CALENDAR,DESCR1,VALUE1,VALUE2,VALUE3
Enrollment,Fall 2010,,2442,,
Enrollment,Fall 2011,,2581,,
Enrollment,Fall 2012,,2803,,
Enrollment,Fall 2013,,2933,,
Enrollment,Fall 2014,,2840,,
Enrollment,Fall 2015,,2801,,
Enrollment,Fall 2016,,2707,,
Enrollment,Fall 2017,,2595,,
Enrollment,Fall 2018,,2451,,
Enrollment,Fall 2019,,2263,,
Degrees,2009-10,,411,,
Degrees,2010-11,,466,,
Degrees,2011-12,,586,,
Degrees,2012-13,,645,,
Degrees,2013-14,,730,,
Degrees,2014-15,,835,,
Degrees,2015-16,,803,,
Degrees,2016-17,,783,,
Degrees,2017-18,,766,,
Degrees,2018-19,,807,,
Retention,Fall 2010,Fall 2009 to Fall 2010,0.6597510373,159,241
Retention,Fall 2011,Fall 2010 to Fall 2011,0.6373626374,174,273
Retention,Fall 2012,Fall 2011 to Fall 2012,0.6900369004,187,271
Retention,Fall 2013,Fall 2012 to Fall 2013,0.7089552239,190,268
Retention,Fall 2014,Fall 2013 to Fall 2014,0.6967213115,170,244
Retention,Fall 2015,Fall 2014 to Fall 2015,0.6996197719,184,263
Retention,Fall 2016,Fall 2015 to Fall 2016,0.7475083056,225,301
Retention,Fall 2017,Fall 2016 to Fall 2017,0.6827309237,170,249
Retention,Fall 2018,Fall 2017 to Fall 2018,0.737704918,180,244
Retention,Fall 2019,Fall 2018 to Fall 2019,0.7424892704,173,233
RetentionSPR,Fall 2010,Fall 2009 to Spring 2010,0.887966805,214,241
RetentionSPR,Fall 2011,Fall 2010 to Spring 2011,0.8241758242,225,273
RetentionSPR,Fall 2012,Fall 2011 to Spring 2012,0.8339483395,226,271
RetentionSPR,Fall 2013,Fall 2012 to Spring 2013,0.8656716418,232,268
RetentionSPR,Fall 2014,Fall 2013 to Spring 2014,0.868852459,212,244
RetentionSPR,Fall 2015,Fall 2014 to Spring 2015,0.8441064639,222,263
RetentionSPR,Fall 2016,Fall 2015 to Spring 2016,0.8903654485,268,301
RetentionSPR,Fall 2017,Fall 2016 to Spring 2017,0.8313253012,207,249
RetentionSPR,Fall 2018,Fall 2017 to Spring 2018,0.8278688525,202,244
RetentionSPR,Fall 2019,Fall 2018 to Spring 2019,0.8326180258,194,233
Graduation,Fall 2004,6 year graduation rate,0.494047619,83,168
Graduation,Fall 2005,6 year graduation rate,0.4976076555,104,209
Graduation,Fall 2006,6 year graduation rate,0.4258373206,89,209
Graduation,Fall 2007,6 year graduation rate,0.4474885845,98,219
Graduation,Fall 2008,6 year graduation rate,0.4390243902,108,246
Graduation,Fall 2009,6 year graduation rate,0.489626556,118,241
Graduation,Fall 2010,6 year graduation rate,0.4322344322,118,273
Graduation,Fall 2011,6 year graduation rate,0.4760147601,129,271
Graduation,Fall 2012,6 year graduation rate,0.5186567164,139,268
Graduation,Fall 2013,6 year graduation rate,0.5,122,244
Progression,Fall 2010,,0.4324078289,950,2197
Progression,Fall 2011,,0.4295659296,1049,2442
Progression,Fall 2012,,0.4688105386,1210,2581
Progression,Fall 2013,,0.486621477,1364,2803
Progression,Fall 2014,,0.4807364473,1410,2933
Progression,Fall 2015,,0.4852112676,1378,2840
Progression,Fall 2016,,0.5133880757,1438,2801
Progression,Fall 2017,,0.5020317695,1359,2707
Progression,Fall 2018,,0.5294797688,1374,2595
Progression,Fall 2019,,0.50999592,1250,2451
DFW,2009-10,,0.1480563729,1912,12914
DFW,2010-11,,0.1403875969,1811,12900
DFW,2011-12,,0.1014401566,1451,14304
DFW,2012-13,,0.0982568347,1567,15948
DFW,2013-14,,0.0911275199,1555,17064
DFW,2014-15,,0.0890902672,1514,16994
DFW,2015-16,,0.0801399929,1351,16858
DFW,2016-17,,0.0835595421,1416,16946
DFW,2017-18,,0.0902264894,1466,16248
DFW,2018-19,,0.089851115,1382,15381
