DATA_TYPE,CALENDAR,DESCR1,VALUE1,VALUE2,VALUE3
Enrollment,Fall 2010,,68,,
Enrollment,Fall 2011,,75,,
Enrollment,Fall 2012,,60,,
Enrollment,Fall 2013,,44,,
Enrollment,Fall 2014,,33,,
Enrollment,Fall 2015,,32,,
Enrollment,Fall 2016,,18,,
Enrollment,Fall 2017,,25,,
Enrollment,Fall 2018,,13,,
Enrollment,Fall 2019,,17,,
Progression,Fall 2010,,0.1041666667,10,96
Progression,Fall 2011,,0.0588235294,4,68
Progression,Fall 2012,,0.1333333333,10,75
Progression,Fall 2013,,0.0833333333,5,60
Progression,Fall 2014,,0.0681818182,3,44
Progression,Fall 2015,,0,0,33
Progression,Fall 2016,,0.0625,2,32
Progression,Fall 2017,,0,0,18
Progression,Fall 2018,,0,0,25
Progression,Fall 2019,,0,0,13
DFW,2014-15,,0,0,8
DFW,2018-19,,0,0,38
