DATA_TYPE,CALENDAR,DESCR1,VALUE1,VALUE2,VALUE3
Enrollment,Fall 2010,,1332,,
Enrollment,Fall 2011,,1294,,
Enrollment,Fall 2012,,1337,,
Enrollment,Fall 2013,,1395,,
Enrollment,Fall 2014,,1373,,
Enrollment,Fall 2015,,1408,,
Enrollment,Fall 2016,,1422,,
Enrollment,Fall 2017,,1420,,
Enrollment,Fall 2018,,1379,,
Enrollment,Fall 2019,,1337,,
Degrees,2009-10,,230,,
Degrees,2010-11,,207,,
Degrees,2011-12,,191,,
Degrees,2012-13,,209,,
Degrees,2013-14,,257,,
Degrees,2014-15,,258,,
Degrees,2015-16,,263,,
Degrees,2016-17,,243,,
Degrees,2017-18,,252,,
Degrees,2018-19,,262,,
Retention,Fall 2010,Fall 2009 to Fall 2010,0.7448071217,251,337
Retention,Fall 2011,Fall 2010 to Fall 2011,0.6750902527,187,277
Retention,Fall 2012,Fall 2011 to Fall 2012,0.6532258065,162,248
Retention,Fall 2013,Fall 2012 to Fall 2013,0.719858156,203,282
Retention,Fall 2014,Fall 2013 to Fall 2014,0.7279151943,206,283
Retention,Fall 2015,Fall 2014 to Fall 2015,0.7320754717,194,265
Retention,Fall 2016,Fall 2015 to Fall 2016,0.7397260274,270,365
Retention,Fall 2017,Fall 2016 to Fall 2017,0.7450980392,266,357
Retention,Fall 2018,Fall 2017 to Fall 2018,0.7349081365,280,381
Retention,Fall 2019,Fall 2018 to Fall 2019,0.7520891365,270,359
RetentionSPR,Fall 2010,Fall 2009 to Spring 2010,0.9198813056,310,337
RetentionSPR,Fall 2011,Fall 2010 to Spring 2011,0.8700361011,241,277
RetentionSPR,Fall 2012,Fall 2011 to Spring 2012,0.8669354839,215,248
RetentionSPR,Fall 2013,Fall 2012 to Spring 2013,0.8829787234,249,282
RetentionSPR,Fall 2014,Fall 2013 to Spring 2014,0.9081272085,257,283
RetentionSPR,Fall 2015,Fall 2014 to Spring 2015,0.8905660377,236,265
RetentionSPR,Fall 2016,Fall 2015 to Spring 2016,0.898630137,328,365
RetentionSPR,Fall 2017,Fall 2016 to Spring 2017,0.893557423,319,357
RetentionSPR,Fall 2018,Fall 2017 to Spring 2018,0.874015748,333,381
RetentionSPR,Fall 2019,Fall 2018 to Spring 2019,0.8662952646,311,359
Graduation,Fall 2004,6 year graduation rate,0.4552238806,122,268
Graduation,Fall 2005,6 year graduation rate,0.375,93,248
Graduation,Fall 2006,6 year graduation rate,0.4826086957,111,230
Graduation,Fall 2007,6 year graduation rate,0.5145228216,124,241
Graduation,Fall 2008,6 year graduation rate,0.4768518519,103,216
Graduation,Fall 2009,6 year graduation rate,0.4896142433,165,337
Graduation,Fall 2010,6 year graduation rate,0.4296028881,119,277
Graduation,Fall 2011,6 year graduation rate,0.5241935484,130,248
Graduation,Fall 2012,6 year graduation rate,0.5106382979,144,282
Graduation,Fall 2013,6 year graduation rate,0.4911660777,139,283
Progression,Fall 2010,,0.4435424354,601,1355
Progression,Fall 2011,,0.3993993994,532,1332
Progression,Fall 2012,,0.429675425,556,1294
Progression,Fall 2013,,0.4495138369,601,1337
Progression,Fall 2014,,0.4630824373,646,1395
Progression,Fall 2015,,0.4522942462,621,1373
Progression,Fall 2016,,0.4573863636,644,1408
Progression,Fall 2017,,0.4092827004,582,1422
Progression,Fall 2018,,0.4612676056,655,1420
Progression,Fall 2019,,0.4633792603,639,1379
DFW,2009-10,,0.2870227889,7834,27294
DFW,2010-11,,0.2762116273,7711,27917
DFW,2011-12,,0.2253435347,5920,26271
DFW,2012-13,,0.1920384495,5514,28713
DFW,2013-14,,0.1813344099,4941,27248
DFW,2014-15,,0.1813093941,4827,26623
DFW,2015-16,,0.1862421831,4914,26385
DFW,2016-17,,0.1971980125,4842,24554
DFW,2017-18,,0.177153305,4457,25159
DFW,2018-19,,0.1657964528,4001,24132
